{"learner":{"attributes":{"scikit_learn":"{\"_estimator_type\": \"classifier\"}"},"feature_names":[],"feature_types":[],"gradient_booster":{"model":{"cats":{"enc":[],"feature_segments":[],"sorted_idx":[]},"gbtree_model_param":{"num_parallel_tree":"1","num_trees":"10"},"iteration_indptr":[0,1,2,3,4,5,6,7,8,9,10],"tree_info":[0,0,0,0,0,0,0,0,0,0],"trees":[{"base_weights":[6.7234844E-1,-6.044117E0,5.866593E-2,-1.0932242E0,-3.367239E-1,-3.1176162E-1,7.8733915E-1,5.4977912E-2,-1.1068451E0,-1.9839327E-1,4.1548148E-2],"categories":[],"categories_nodes":[],"categories_segments":[],"categories_sizes":[],"default_left":[0,0,0,0,0,0,0,0,0,0,0],"id":0,"left_children":[1,3,-1,5,-1,-1,7,-1,9,-1,-1],"loss_changes":[3.848124E4,2.694627E3,0E0,9.758943E2,0E0,0E0,4.657876E1,0E0,7.099727E1,0E0,0E0],"parents":[2147483647,0,0,1,1,3,3,6,6,8,8],"right_children":[2,4,-1,6,-1,-1,8,-1,10,-1,-1],"split_conditions":[-9.108259E-2,-1.3293618E0,5.866593E-2,-2.003067E-1,-3.367239E-1,-3.1176162E-1,2.3921534E-1,5.4977912E-2,-8.237567E-2,-1.9839327E-1,4.1548148E-2],"split_indices":[41,1,0,9,0,0,31,0,5,0,0],"split_type":[0,0,0,0,0,0,0,0,0,0,0],"sum_hessian":[1.1431096E4,7.9183954E2,1.0639256E4,9.7624054E1,6.942155E2,2.4973595E1,7.265046E1,6.331689E1,9.333566E0,3.0271025E0,6.3064632E0],"tree_param":{"num_deleted":"0","num_feature":"55","num_nodes":"11","size_leaf_vector":"1"}},{"base_weights":[6.6978955E-1,-4.603202E0,5.8170747E-2,2.116616E-1,-2.5505194E-1,-2.1533048E-1,7.8461593E-1,-1.6856037E-1,1.0694156E0,5.633233E-2,1.4549692E-2],"categories":[],"categories_nodes":[],"categories_segments":[],"categories_sizes":[],"default_left":[0,0,0,0,0,0,0,0,0,0,0],"id":1,"left_children":[1,3,-1,5,-1,-1,7,-1,9,-1,-1],"loss_changes":[3.0021662E4,2.3712676E3,0E0,2.49238E2,0E0,0E0,1.0727788E2,0E0,2.2736511E0,0E0,0E0],"parents":[2147483647,0,0,1,1,3,3,6,6,8,8],"right_children":[2,4,-1,6,-1,-1,8,-1,10,-1,-1],"split_conditions":[-9.108259E-2,-1.760189E0,5.8170747E-2,-8.250087E-2,-2.5505194E-1,-2.1533048E-1,6.778619E-2,-1.6856037E-1,-1.091159E-2,5.633233E-2,1.4549692E-2],"split_indices":[41,0,0,5,0,0,49,0,32,0,0],"split_type":[0,0,0,0,0,0,0,0,0,0,0],"sum_hessian":[1.1528553E4,9.85338E2,1.0543215E4,9.234657E1,8.9299146E2,8.827553E0,8.351902E1,3.8538222E0,7.96652E1,7.277745E1,6.8877516E0],"tree_param":{"num_deleted":"0","num_feature":"55","num_nodes":"11","size_leaf_vector":"1"}},{"base_weights":[6.3510215E-1,-3.8701503E0,5.770575E-2,2.6646689E-2,-2.0892258E-1,1.0202211E0,-1.9859749E-1,5.5226088E-3,5.576369E-2],"categories":[],"categories_nodes":[],"categories_segments":[],"categories_sizes":[],"default_left":[0,0,0,0,0,0,0,0,0],"id":2,"left_children":[1,3,-1,5,-1,7,-1,-1,-1],"loss_changes":[2.5231602E4,1.3415E3,0E0,3.3874274E2,0E0,5.0772247E0,0E0,0E0,0E0],"parents":[2147483647,0,0,1,1,3,3,5,5],"right_children":[2,4,-1,6,-1,8,-1,-1,-1],"split_conditions":[-9.108259E-2,-1.760189E0,5.770575E-2,1.4236094E-3,-2.0892258E-1,-3.1160712E-1,-1.9859749E-1,5.5226088E-3,5.576369E-2],"split_indices":[41,0,0,32,0,45,0,0,0],"split_type":[0,0,0,0,0,0,0,0,0],"sum_hessian":[1.078541E4,1.1127128E3,9.672697E3,8.15948E1,1.0311179E3,6.664864E1,1.4946155E1,7.2113714E0,5.9437275E1],"tree_param":{"num_deleted":"0","num_feature":"55","num_nodes":"9","size_leaf_vector":"1"}},{"base_weights":[6.3160473E-1,-3.3005054E0,5.7271775E-2,-5.6291395E-1,-1.7901416E-1,8.303483E-1,-1.7322773E-1,-1.2289103E-1,1.0650023E0,1.7303696E-2,5.563136E-2],"categories":[],"categories_nodes":[],"categories_segments":[],"categories_sizes":[],"default_left":[0,0,0,0,0,0,0,0,0,0,0],"id":3,"left_children":[1,3,-1,5,-1,7,-1,-1,9,-1,-1],"loss_changes":[2.158829E4,9.397471E2,0E0,4.8024957E2,0E0,6.670661E1,0E0,0E0,1.1281128E0,0E0,0E0],"parents":[2147483647,0,0,1,1,3,3,5,5,8,8],"right_children":[2,4,-1,6,-1,8,-1,-1,10,-1,-1],"split_conditions":[-9.108259E-2,-7.31757E-2,5.7271775E-2,-3.011368E-2,-1.7901416E-1,-2.003067E-1,-1.7322773E-1,-1.2289103E-1,-6.794239E-2,1.7303696E-2,5.563136E-2],"split_indices":[41,48,0,2,0,9,0,0,4,0,0],"split_type":[0,0,0,0,0,0,0,0,0,0,0],"sum_hessian":[1.0679739E4,1.2329236E3,9.446816E3,1.1504392E2,1.1178796E3,7.857191E1,3.647202E1,3.8295662E0,7.474234E1,6.3230867E0,6.841926E1],"tree_param":{"num_deleted":"0","num_feature":"55","num_nodes":"11","size_leaf_vector":"1"}},{"base_weights":[6.2361056E-1,-2.9048388E0,5.6870203E-2,-4.9845865E-1,-1.5787672E-1,8.4280026E-1,-1.5434144E-1,-1.2353714E-1,5.4194827E-2],"categories":[],"categories_nodes":[],"categories_segments":[],"categories_sizes":[],"default_left":[0,0,0,0,0,0,0,0,0],"id":4,"left_children":[1,3,-1,5,-1,7,-1,-1,-1],"loss_changes":[1.8899209E4,8.007959E2,0E0,4.5239804E2,0E0,7.34282E1,0E0,0E0,0E0],"parents":[2147483647,0,0,1,1,3,3,5,5],"right_children":[2,4,-1,6,-1,8,-1,-1,-1],"split_conditions":[-9.108259E-2,-7.31757E-2,5.6870203E-2,4.0160492E-2,-1.5787672E-1,-8.251985E-2,-1.5434144E-1,-1.2353714E-1,5.4194827E-2],"split_indices":[41,48,0,2,0,5,0,0,0],"split_type":[0,0,0,0,0,0,0,0,0],"sum_hessian":[1.0419723E4,1.3231031E3,9.096619E3,1.26489265E2,1.1966139E3,8.4077194E1,4.2412075E1,4.307441E0,7.976975E1],"tree_param":{"num_deleted":"0","num_feature":"55","num_nodes":"9","size_leaf_vector":"1"}},{"base_weights":[6.153208E-1,-2.6299133E0,5.6482878E-2,1.7978568E-1,-1.421116E-1,1.0254847E0,-1.9629496E0,5.425728E-2,1.34049645E-2,-1.4238304E-1,1.4595442E-3],"categories":[],"categories_nodes":[],"categories_segments":[],"categories_sizes":[],"default_left":[0,0,0,0,0,0,0,0,0,0,0],"id":5,"left_children":[1,3,-1,5,-1,7,9,-1,-1,-1,-1],"loss_changes":[1.6976775E4,8.3245605E2,0E0,1.8382335E2,0E0,2.0314636E0,5.210637E1,0E0,0E0,0E0,0E0],"parents":[2147483647,0,0,1,1,3,3,5,5,6,6],"right_children":[2,4,-1,6,-1,8,10,-1,-1,-1,-1],"split_conditions":[-9.108259E-2,-1.760189E0,5.6482878E-2,1.4236094E-3,-1.421116E-1,-6.7819715E-2,-1.8147205E0,5.425728E-2,1.34049645E-2,-1.4238304E-1,1.4595442E-3],"split_indices":[41,0,0,32,0,4,0,0,0,0,0],"split_type":[0,0,0,0,0,0,0,0,0,0,0],"sum_hessian":[1.0165841E4,1.3895028E3,8.776338E3,9.7478645E1,1.2920242E3,7.080813E1,2.6670515E1,6.4223434E1,6.584692E0,1.8047638E1,8.622878E0],"tree_param":{"num_deleted":"0","num_feature":"55","num_nodes":"11","size_leaf_vector":"1"}},{"base_weights":[6.127329E-1,-2.3995225E0,5.612449E-2,2.40506E-1,-1.2989952E-1,9.964154E-1,-1.7595959E0,1.3916941E-2,5.3557035E-2,-1.2907206E-1,5.4118647E-3],"categories":[],"categories_nodes":[],"categories_segments":[],"categories_sizes":[],"default_left":[0,0,0,0,0,0,0,0,0,0,0],"id":6,"left_children":[1,3,-1,5,-1,7,9,-1,-1,-1,-1],"loss_changes":[1.5218691E4,7.540635E2,0E0,1.5727283E2,0E0,2.7775574E0,4.55541E1,0E0,0E0,0E0,0E0],"parents":[2147483647,0,0,1,1,3,3,5,5,6,6],"right_children":[2,4,-1,6,-1,8,10,-1,-1,-1,-1],"split_conditions":[-9.108259E-2,-1.760189E0,5.612449E-2,1.4236094E-3,-1.2989952E-1,-3.206395E-1,1.1895185E0,1.3916941E-2,5.3557035E-2,-1.2907206E-1,5.4118647E-3],"split_indices":[41,0,0,32,0,8,29,0,0,0,0],"split_type":[0,0,0,0,0,0,0,0,0,0,0],"sum_hessian":[9.9060205E3,1.4325284E3,8.473492E3,9.995666E1,1.3325719E3,7.345067E1,2.650599E1,8.44442E0,6.500625E1,1.8062214E1,8.443775E0],"tree_param":{"num_deleted":"0","num_feature":"55","num_nodes":"11","size_leaf_vector":"1"}},{"base_weights":[5.86279E-1,-2.2500198E0,5.578043E-2,2.150767E-1,-1.2016745E-1,9.6547824E-1,-1.5548211E0,-0E0,5.403624E-2,-1.1870652E-1,3.3542365E-3],"categories":[],"categories_nodes":[],"categories_segments":[],"categories_sizes":[],"default_left":[0,0,0,0,0,0,0,0,0,0,0],"id":7,"left_children":[1,3,-1,5,-1,7,9,-1,-1,-1,-1],"loss_changes":[1.4083746E4,5.597925E2,0E0,1.1963891E2,0E0,6.9621506E0,3.706057E1,0E0,0E0,0E0,0E0],"parents":[2147483647,0,0,1,1,3,3,5,5,6,6],"right_children":[2,4,-1,6,-1,8,10,-1,-1,-1,-1],"split_conditions":[-9.108259E-2,-1.760189E0,5.578043E-2,1.4236094E-3,-1.2016745E-1,-3.1160712E-1,9.1038406E-1,-0E0,5.403624E-2,-1.1870652E-1,3.3542365E-3],"split_indices":[41,0,0,32,0,45,52,0,0,0,0],"split_type":[0,0,0,0,0,0,0,0,0,0,0],